"Code","Latitude","Longitude","Cell","Station","Date_in","Date_out","Année","Collecteur","Code site","Nom du site","Passive/active","Sorter","Number of specimens","Notes","Code ID","ID","IDENTIFIER","NUMBER OF SPECIMEN","MALE","FEMALE","SEX INDETERMINATE","IDENTIFICATION NOTE","DATE OF IDENTIFICATION","IDENTIFICATION METHOD","QR code","Recorder?","Unique","Source","Date","RightCell"
"85_7_090623_AL+SL+MM_a_sy.pi","49.696442,","5.913552",85,"7","NA","090623",2023,"Amanda Luttringer + Stephanie Lippert+ Manon Michea",NA,NA,"a",NA,NA,"a","sy.pi","Syritta pipiens","Sam Schaack",1,1,0,0,NA,"020823","morphological","MNHNL150757",NA,"Unique","Hand netting",2023-06-09,NA
"69_1_310723_AL+ SL_a_ep.ba","49.76819","141502",69,"1","NA","310723",2023,"Amanda Luttringer + Stephanie Lippert",NA,NA,"a",NA,NA,"a","ep.ba","Episyrphus balteatus","Amanda Luttringer",2,0,2,0,NA,"180923","morphological","MNHNL150892",NA,"Unique","Hand netting",2023-07-31,NA
"69_1_100823_HA + al._a_vo.zo","49.7645","134197",69,"1","NA","100823",2023,"Hinatea Ariey et al.",NA,NA,"a",NA,NA,"a","vo.zo","Volucella zonaria","Sam Schaack",1,1,0,0,NA,"061023","morphological","MNHNL81895",NA,"Unique","Hand netting",2023-08-10,NA
"69_1_100823_HA + al._a_ep.ba","49.7645","134197",69,"1","NA","100823",2023,"Hinatea Ariey et al.",NA,NA,"a",NA,NA,"a","ep.ba","Episyrphus balteatus","Sam Schaack",1,0,1,0,NA,"061023","morphological","MNHNL128434",NA,"Unique","Hand netting",2023-08-10,NA
"110_1_120723_SS_a_ep.ba","49588417","6340638",110,"1","NA","120723",2023,"Sam Schaack",NA,NA,"a",NA,NA,"a","ep.ba","Episyrphus balteatus","Stephanie Lippert",1,NA,NA,NA,NA,"020924","morphological",NA,NA,"Unique","Hand netting",2023-07-12,NA
"114_3_030723_SL_a_ep.ba","495369347","59873423",114,"3","NA","030723",2023,"Stephanie Lippert",NA,NA,"a",NA,NA,"a","ep.ba","Episyrphus balteatus","Stephanie Lippert",1,NA,NA,NA,NA,"020924","morphological",NA,NA,"Unique","Hand netting",2023-07-03,NA
"5_8_40723_CAP_a_er.te","50.1113313","59653515",5,"8","NA","40723",2023,"Chanistya Ayu Purnomo",NA,NA,"a",NA,NA,"a","er.te","Eristalis tenax","Stephanie Lippert",1,0,1,NA,NA,"030924","morphological",NA,NA,"Unique","Hand netting",2023-07-04,NA
"26_3_140623_AL_a_ep.ba","49.965974","5819985",26,"3","NA","140623",2023,"Amanda Luttringer",NA,NA,"a",NA,NA,"a","ep.ba","Episyrphus balteatus","Stephanie Lippert",NA,NA,NA,NA,NA,"040924","morphological",NA,NA,"Unique","Hand netting",2023-06-14,NA
"10_2_270623_HA + SL_a_ep.ba","50.064078","5953247",10,"2","NA","270623",2023,"Hinatea Ariey + Stephanie Lippert",NA,NA,"a",NA,NA,"a","ep.ba","Episyrphus balteatus","Stephanie Lippert",NA,NA,NA,NA,NA,"040924","morphological",NA,NA,"Unique","Hand netting",2023-06-27,NA
"9_1_200623_CAP_a_ep.ba","50.0620877","58770650",9,"1","NA","200623",2023,"Chanistya Ayu Purnomo",NA,NA,"a",NA,NA,"a","ep.ba","Episyrphus balteatus","Stephanie Lippert",NA,NA,NA,NA,NA,"040924","morphological",NA,NA,"Unique","Hand netting",2023-06-20,NA
"13_2_270623_CAP_a_ep.ba","50.0211195","58565112",13,"2","NA","270623",2023,"Chanistya Ayu Purnomo",NA,NA,"a",NA,NA,"a","ep.ba","Episyrphus balteatus","Stephanie Lippert",NA,NA,NA,NA,NA,"040924","morphological",NA,NA,"Unique","Hand netting",2023-06-27,NA
"132_1_300623_SS_a_ep.ba","49.471780","6089695",132,"1","NA","300623",2023,"Sam Schaack",NA,NA,"a",NA,NA,"a","ep.ba","Episyrphus balteatus","Stephanie Lippert",NA,NA,NA,NA,NA,"040924","morphological",NA,NA,"Unique","Hand netting",2023-06-30,NA
"86_1_160623_OK_a_ep.ba","49.6780057","59485103",86,"1","NA","160623",2023,"Olivier Kirsch",NA,NA,"a",NA,NA,"a","ep.ba","Episyrphus balteatus","Stephanie Lippert",NA,NA,NA,NA,NA,"040924","morphological",NA,NA,"Unique","Hand netting",2023-06-16,NA
"86_1_160623_OK_a_my.fl","49.6780057","59485103",86,"1","NA","160623",2023,"Olivier Kirsch",NA,NA,"a",NA,NA,"a","my.fl","Myathropa florea","Stephanie Lippert",NA,NA,NA,NA,NA,"040924","morphological",NA,NA,"Unique","Hand netting",2023-06-16,NA
"86_1_160623_OK_a_vo.pe","49.6780057","59485103",86,"1","NA","160623",2023,"Olivier Kirsch",NA,NA,"a",NA,NA,"a","vo.pe","Volucella pellucens","Stephanie Lippert",NA,NA,NA,NA,NA,"040924","morphological",NA,NA,"Unique","Hand netting",2023-06-16,NA
"24_1_200623_SS_a_ep.ba","49.980501","6164564",24,"1","NA","200623",2023,"Sam Schaack",NA,NA,"a",NA,NA,"a","ep.ba","Episyrphus balteatus","Stephanie Lippert",NA,NA,NA,NA,NA,"040924","morphological",NA,NA,"Unique","Hand netting",2023-06-20,NA
"14_6_270623_CAP+AL_a_ep.ba","50.04087","590227",14,"6","NA","270623",2023,"Chanistya Ayu Purnomo + Amanda Luttringer",NA,NA,"a",NA,NA,"a","ep.ba","Episyrphus balteatus","Stephanie Lippert",NA,NA,NA,NA,NA,"040924","morphological",NA,NA,"Unique","Hand netting",2023-06-27,NA
"2_5_190623_CAP_a_ep.ba","50.1525698","60188006",2,"5","NA","190623",2023,"Chanistya Ayu Purnomo",NA,NA,"a",NA,NA,"a","ep.ba","Episyrphus balteatus","Stephanie Lippert",NA,NA,NA,NA,NA,"040924","morphological",NA,NA,"Unique","Hand netting",2023-06-19,NA
"81_1_080623_SS_a_ep.ba","49.732031","6297101",81,"1","NA","080623",2023,"Sam Schaack",NA,NA,"a",NA,NA,"a","ep.ba","Episyrphus balteatus","Stephanie Lippert",NA,NA,NA,NA,NA,"040924","morphological",NA,NA,"Unique","Hand netting",2023-06-08,NA
"83_2_20623_AL+SB_a_ep.ba","49.7409760","64399835",83,"2","NA","20623",2023,"Amanda Luttringer + Steven Braun",NA,NA,"a",NA,NA,"a","ep.ba","Episyrphus balteatus","Stephanie Lippert",NA,NA,NA,NA,NA,"040924","morphological",NA,NA,"Unique","Hand netting",2023-06-02,NA
"101_2_60623_CG_a_ep.ba","49.62510","635420",101,"2","NA","60623",2023,"Caroline Grounds",NA,NA,"a",NA,NA,"a","ep.ba","Episyrphus balteatus","Stephanie Lippert",NA,NA,NA,NA,NA,"040924","morphological",NA,NA,"Unique","Hand netting",2023-06-06,NA
"74_2_260623_LB_a_ep.ba","49.7242466","58387808",74,"2","NA","260623",2023,"Lydia Barrouche",NA,NA,"a",NA,NA,"a","ep.ba","Episyrphus balteatus","Stephanie Lippert",NA,NA,NA,NA,NA,"040924","morphological",NA,NA,"Unique","Hand netting",2023-06-26,NA
"21_1_260623_OK_a_ep.ba","49.971498","5945807",21,"1","NA","260623",2023,"Olivier Kirsch",NA,NA,"a",NA,NA,"a","ep.ba","Episyrphus balteatus","Stephanie Lippert",NA,NA,NA,NA,NA,"040924","morphological",NA,NA,"Unique","Hand netting",2023-06-26,NA
"21_1_260623_OK_a_vo.pe","49.971498","5945807",21,"1","NA","260623",2023,"Olivier Kirsch",NA,NA,"a",NA,NA,"a","vo.pe","Volucella pellucens","Stephanie Lippert",NA,NA,NA,NA,NA,"040924","morphological",NA,NA,"Unique","Hand netting",2023-06-26,NA
"85_3_090623_AL+SL+MM_a_ep.ba","49.6646653","59112547",85,"3","NA","090623",2023,"Amanda Luttringer + Stephanie Lippert+ Manon Michea",NA,NA,"a",NA,NA,"a","ep.ba","Episyrphus balteatus","Stephanie Lippert",NA,NA,NA,NA,NA,"040924","morphological",NA,NA,"Unique","Hand netting",2023-06-09,NA
"83_4_020623_AL+SB_a_ep.ba","49.723070","6442305",83,"4","NA","020623",2023,"Amanda Luttringer + Steven Braun",NA,NA,"a",NA,NA,"a","ep.ba","Episyrphus balteatus","Stephanie Lippert",NA,NA,NA,NA,NA,"040924","morphological",NA,NA,"Unique","Hand netting",2023-06-02,NA
"52_2_200623_AL_a_ep.ba","49.798856","5818537",52,"2","NA","200623",2023,"Amanda Luttringer",NA,NA,"a",NA,NA,"a","ep.ba","Episyrphus balteatus","Stephanie Lippert",NA,NA,NA,NA,NA,"040924","morphological",NA,NA,"Unique","Hand netting",2023-06-20,NA
"86_2_160623_OK_a_my.fl","49.6697171","59497780",86,"2","NA","160623",2023,"Olivier Kirsch",NA,NA,"a",NA,NA,"a","my.fl","Myathropa florea","Stephanie Lippert",NA,NA,NA,NA,NA,"040924","morphological",NA,NA,"Unique","Hand netting",2023-06-16,NA
"86_2_160623_OK_a_ep.ba","49.6697171","59497780",86,"2","NA","160623",2023,"Olivier Kirsch",NA,NA,"a",NA,NA,"a","ep.ba","Episyrphus balteatus","Stephanie Lippert",NA,NA,NA,NA,NA,"040924","morphological",NA,NA,"Unique","Hand netting",2023-06-16,NA
"44_1_130623_OK+ SS_a_ep.ba","49.8505556","59844955",44,"1","NA","130623",2023,"Olivier Kirsch + Sam Schaack",NA,NA,"a",NA,NA,"a","ep.ba","Episyrphus balteatus","Stephanie Lippert",NA,NA,NA,NA,NA,"040924","morphological",NA,NA,"Unique","Hand netting",2023-06-13,NA
"55_3_270623_LB_a_ep.ba","49.7967296","60787671",55,"3","NA","270623",2023,"Lydia Barrouche",NA,NA,"a",NA,NA,"a","ep.ba","Episyrphus balteatus","Stephanie Lippert",NA,NA,NA,NA,NA,"040924","morphological",NA,NA,"Unique","Hand netting",2023-06-27,NA
"84_1_290623_SS_a_ep.ba","49.726829","6505037",84,"1","NA","290623",2023,"Sam Schaack",NA,NA,"a",NA,NA,"a","ep.ba","Episyrphus balteatus","Stephanie Lippert",NA,NA,NA,NA,NA,"040924","morphological",NA,NA,"Unique","Hand netting",2023-06-29,NA
"83_1_20623_AL+SB_a_ep.ba","497448846","64343700",83,"1","NA","20623",2023,"Amanda Luttringer + Steven Braun",NA,NA,"a",NA,NA,"a","ep.ba","Episyrphus balteatus","Stephanie Lippert",NA,NA,NA,NA,NA,"040924","morphological",NA,NA,"Unique","Hand netting",2023-06-02,NA
"110_2_010623_LB_a_ep.el","495865263","63536908",110,"2",NA,"010623",2023,"Lydia Barrouche",NA,NA,"a",NA,NA,"a","ep.el","Epistrophe eligans","Stephanie Lippert",1,1,0,0,NA,"040924","morphological",NA,NA,"Unique","Hand netting",2023-06-01,NA
"6_5_280623_CAP_a_ep.ba","501172419","60339712",6,"5","NA","280623",2023,"Chanistya Ayu Purnomo",NA,NA,"a",NA,NA,"a","ep.ba","Episyrphus balteatus","Stephanie Lippert",NA,NA,NA,NA,NA,"040924","morphological",NA,NA,"Unique","Hand netting",2023-06-28,NA
"87_2_280623_LB_a_ep.ba","496595940","60237581",87,"2","NA","280623",2023,"Lydia Barrouche",NA,NA,"a",NA,NA,"a","ep.ba","Episyrphus balteatus","Stephanie Lippert",NA,NA,NA,NA,NA,"040924","morphological",NA,NA,"Unique","Hand netting",2023-06-28,NA
"99_2_120623_CG_a_ep.ba","4961099","622165",99,"2","NA","120623",2023,"Caroline Grounds",NA,NA,"a",NA,NA,"a","ep.ba","Episyrphus balteatus","Stephanie Lippert",NA,NA,NA,NA,NA,"040924","morphological",NA,NA,"Unique","Hand netting",2023-06-12,NA
"83_1_260723_OK_a_sp.","497448846","64343700",83,"1","NA","260723",2023,"Olivier Kirsch",NA,NA,"a",NA,NA,"a","sp.","Sphaerophoria","Ghislain Delalle",2,0,2,0,NA,"040924","morphological","MNHNL164462",NA,"Unique","Hand netting",2023-07-26,NA
"73_1_060623_SS_a_ep.ba","49746663","6495854",73,"1","NA","060623",2023,"Sam Schaack",NA,NA,"a",NA,NA,"a","ep.ba","Episyrphus balteatus","Stephanie Lippert",NA,NA,NA,NA,NA,"050924","morphological",NA,NA,"Unique","Hand netting",2023-06-06,NA
"19_4_130623_AL+SL_a_ep.ba","49990153","5853437",19,"4",NA,"130623",2023,"Amanda Luttringer + Stephanie Lippert",NA,NA,"a",NA,NA,"a","ep.ba","Episyrphus balteatus","Stephanie Lippert",NA,NA,NA,NA,NA,"050924","morphological",NA,NA,"Unique","Hand netting",2023-06-13,NA
"69_1_310723_HA + JW_a_sp.","49.76819","141502",69,"1","NA","310723",2023,"Hinatea Ariey + Julian Wittische",NA,NA,"a",NA,NA,"a","sp.","Sphaerophoria","Ghislain Delalle",3,0,3,0,NA,"050924","morphological","MNHNL164437",NA,"Unique","Hand netting",2023-07-31,NA
"7_7_290623_CAP_a_ep.ba","501296930","61072112",7,"7","NA","290623",2023,"Chanistya Ayu Purnomo",NA,NA,"a",NA,NA,"a","ep.ba","Episyrphus balteatus","Stephanie Lippert",NA,NA,NA,NA,NA,"050924","morphological",NA,NA,"Unique","Hand netting",2023-06-29,NA
"22_1_270623_SS_a_ep.ba","49975149","6050913",22,"1","NA","270623",2023,"Sam Schaack",NA,NA,"a",NA,NA,"a","ep.ba","Episyrphus balteatus","Stephanie Lippert",NA,NA,NA,NA,NA,"050924","morphological",NA,NA,"Unique","Hand netting",2023-06-27,NA
"108_1_020623_OK_a_ep.ba","496051547","61888137",108,"1","NA","020623",2023,"Olivier Kirsch",NA,NA,"a",NA,NA,"a","ep.ba","Episyrphus balteatus","Stephanie Lippert",NA,NA,NA,NA,NA,"050924","morphological",NA,NA,"Unique","Hand netting",2023-06-02,NA
"20_3_130623_AL+SL_a_my.fl","49983690","5904866",20,"3",NA,"130623",2023,"Amanda Luttringer + Stephanie Lippert",NA,NA,"a",NA,NA,"a","my.fl","Myathropa florea","Stephanie Lippert",NA,NA,NA,NA,NA,"050924","morphological",NA,NA,"Unique","Hand netting",2023-06-13,NA
"108_1_50623_OK_a_ep.ba","4959349","6.15254",108,"1","NA","50623",2023,"Olivier Kirsch",NA,NA,"a",NA,NA,"a","ep.ba","Episyrphus balteatus","Stephanie Lippert",NA,NA,NA,NA,NA,"050924","morphological",NA,NA,"Unique","Hand netting",2023-06-05,NA
"42_3_280623_AL+SL_a_ep.ba","498576292","58387915",42,"3","NA","280623",2023,"Amanda Luttringer + Stephanie Lippert",NA,NA,"a",NA,NA,"a","ep.ba","Episyrphus balteatus","Stephanie Lippert",NA,NA,NA,NA,NA,"050924","morphological",NA,NA,"Unique","Hand netting",2023-06-28,NA
"41_1_260623_AL_a_ep.ba","49850023","5790564",41,"1","NA","260623",2023,"Amanda Luttringer",NA,NA,"a",NA,NA,"a","ep.ba","Episyrphus balteatus","Stephanie Lippert",NA,NA,NA,NA,NA,"050924","morphological",NA,NA,"Unique","Hand netting",2023-06-26,NA
"132_2_300623_SS_a_ep.ba","49465881","6096600",132,"2","NA","300623",2023,"Sam Schaack",NA,NA,"a",NA,NA,"a","ep.ba","Episyrphus balteatus","Stephanie Lippert",NA,NA,NA,NA,NA,"050924","morphological",NA,NA,"Unique","Hand netting",2023-06-30,NA
"132_2_300623_SS_a_vo.pe","49465881","6096600",132,"2","NA","300623",2023,"Sam Schaack",NA,NA,"a",NA,NA,"a","vo.pe","Volucella pellucens","Stephanie Lippert",NA,NA,NA,NA,NA,"050924","morphological",NA,NA,"Unique","Hand netting",2023-06-30,NA
"117_3_10623_OK_a_ep.ba","495444065","61887695",117,"3","NA","10623",2023,"Olivier Kirsch",NA,NA,"a",NA,NA,"a","ep.ba","Episyrphus balteatus","Stephanie Lippert",NA,NA,NA,NA,NA,"050924","morphological",NA,NA,"Unique","Hand netting",2023-06-01,NA
"2_2_190623_CAP_a_ep.ba","501618337","60172017",2,"2","NA","190623",2023,"Chanistya Ayu Purnomo",NA,NA,"a",NA,NA,"a","ep.ba","Episyrphus balteatus","Stephanie Lippert",NA,NA,NA,NA,NA,"050924","morphological",NA,NA,"Unique","Hand netting",2023-06-19,NA
"96_5_290623_AL+SL+MM_a_ep.ba","496194288","60629819",96,"5","NA","290623",2023,"Amanda Luttringer + Stephanie Lippert+ Manon Michea",NA,NA,"a",NA,NA,"a","ep.ba","Episyrphus balteatus","Stephanie Lippert",NA,NA,NA,NA,NA,"050924","morphological",NA,NA,"Unique","Hand netting",2023-06-29,NA
"97_1_70623_MM + OK_a_ep.ba","496113697","61397159",97,"1","NA","70623",2023,"Manon Michéa + Olivier Kirsch",NA,NA,"a",NA,NA,"a","ep.ba","Episyrphus balteatus","Stephanie Lippert",NA,NA,NA,NA,NA,"050924","morphological",NA,NA,"Unique","Hand netting",2023-06-07,NA
"56_1_200623_LB_a_ep.ba","49810488","60909734",56,"1","NA","200623",2023,"Lydia Barrouche",NA,NA,"a",NA,NA,"a","ep.ba","Episyrphus balteatus","Stephanie Lippert",NA,NA,NA,NA,NA,"050924","morphological",NA,NA,"Unique","Hand netting",2023-06-20,NA
"84_2_290623_SS_a_ep.ba","49723592","6489048",84,"2","NA","290623",2023,"Sam Schaack",NA,NA,"a",NA,NA,"a","ep.ba","Episyrphus balteatus","Stephanie Lippert",NA,NA,NA,NA,NA,"050924","morphological",NA,NA,"Unique","Hand netting",2023-06-29,NA
"71_1_190623_SS_a_ep.ba","49754482","6355338",71,"1","NA","190623",2023,"Sam Schaack",NA,NA,"a",NA,NA,"a","ep.ba","Episyrphus balteatus","Stephanie Lippert",NA,NA,NA,NA,NA,"050924","morphological",NA,NA,"Unique","Hand netting",2023-06-19,NA
"79_1_80623_LB_a_ep.el","497317722","61399502",79,"1",NA,"80623",2023,"Lydia Barrouche",NA,NA,"a",NA,NA,"a","ep.el","Epistrophe eligans","Stephanie Lippert",1,1,0,NA,NA,"050924","morphological",NA,NA,"Unique","Hand netting",2023-06-08,NA
"79_1_80623_LB_a_ep.ba","497317722","61399502",79,"1",NA,"80623",2023,"Lydia Barrouche",NA,NA,"a",NA,NA,"a","ep.ba","Episyrphus balteatus","Stephanie Lippert",NA,NA,NA,NA,NA,"050924","morphological",NA,NA,"Unique","Hand netting",2023-06-08,NA
"7_2_290623_CAP_a_ep.ba","501250796","60976227",7,"2","NA","290623",2023,"Chanistya Ayu Purnomo",NA,NA,"a",NA,NA,"a","ep.ba","Episyrphus balteatus","Stephanie Lippert",NA,NA,NA,NA,NA,"050924","morphological",NA,NA,"Unique","Hand netting",2023-06-29,NA
"66_3_160623_AL+SL+MM_a_ep.ba","49750109","6012777",66,"3","NA","160623",2023,"Amanda Luttringer + Stephanie Lippert+ Manon Michea",NA,NA,"a",NA,NA,"a","ep.ba","Episyrphus balteatus","Stephanie Lippert",NA,NA,NA,NA,NA,"050924","morphological",NA,NA,"Unique","Hand netting",2023-06-16,NA
"66_3_160623_AL+SL+MM_a_my.fl","49750109","6012777",66,"3","NA","160623",2023,"Amanda Luttringer + Stephanie Lippert+ Manon Michea",NA,NA,"a",NA,NA,"a","my.fl","Myathropa florea","Stephanie Lippert",NA,NA,NA,NA,NA,"050924","morphological",NA,NA,"Unique","Hand netting",2023-06-16,NA
"26_1_140623_AL_a_ep.ba","499304691","57925395",26,"1","NA","140623",2023,"Amanda Luttringer",NA,NA,"a",NA,NA,"a","ep.ba","Episyrphus balteatus","Stephanie Lippert",NA,NA,NA,NA,NA,"050924","morphological",NA,NA,"Unique","Hand netting",2023-06-14,NA
"14_1_270623_CAP+AL_a_ep.ba","500180151","59208409",14,"1","NA","270623",2023,"Chanistya Ayu Purnomo + Amanda Luttringer",NA,NA,"a",NA,NA,"a","ep.ba","Episyrphus balteatus","Stephanie Lippert",NA,NA,NA,NA,NA,"050924","morphological",NA,NA,"Unique","Hand netting",2023-06-27,NA
"66_2_160623_AL+SL+MM_a_my.fl","497762722","60180553",66,"2","NA","160623",2023,"Amanda Luttringer + Stephanie Lippert+ Manon Michea",NA,NA,"a",NA,NA,"a","my.fl","Myathropa florea","Stephanie Lippert",NA,NA,NA,NA,NA,"050924","morphological",NA,NA,"Unique","Hand netting",2023-06-16,NA
"40_1_160623_SS+LB_a_ep.ba","49882347","6253519",40,"1","NA","160623",2023,"Sam Schaack + Lydia Barrouche",NA,NA,"a",NA,NA,"a","ep.ba","Episyrphus balteatus","Stephanie Lippert",NA,NA,NA,NA,NA,"60924","morphological",NA,NA,"Unique","Hand netting",2023-06-16,NA
"79_2_120623_LB_a_ep.ba","497399871","61861711",79,"2",NA,"120623",2023,"Lydia Barrouche",NA,NA,"a",NA,NA,"a","ep.ba","Episyrphus balteatus","Stephanie Lippert",NA,NA,NA,NA,NA,"60924","morphological",NA,NA,"Unique","Hand netting",2023-06-12,NA
"37_1_150623_SS_a_ep.ba","49903421","6022247",37,"1","NA","150623",2023,"Sam Schaack",NA,NA,"a",NA,NA,"a","ep.ba","Episyrphus balteatus","Stephanie Lippert",NA,NA,NA,NA,NA,"60924","morphological",NA,NA,"Unique","Hand netting",2023-06-15,NA
"15_1_210623_OK + SS_a_ep.ba","500348969","59748878",15,"1","NA","210623",2023,"Olivier Kirsch + Sam Schaack",NA,NA,"a",NA,NA,"a","ep.ba","Episyrphus balteatus","Stephanie Lippert",NA,NA,NA,NA,NA,"60924","morphological",NA,NA,"Unique","Hand netting",2023-06-21,NA
"37_1_180723_SS_a_sp.","49903421","6022247",37,"1","NA","180723",2023,"Sam Schaack",NA,NA,"a",NA,NA,"a","sp.","Sphaerophoria","Ghislain Delalle",1,0,1,0,NA,"60924","morphological","MNHNL130637",NA,"Unique","Hand netting",2023-07-18,NA
"14_1_200923_CAP_a_ep.ba","500461266","59015144",14,"1","NA","200923",2023,"Chanistya Ayu Purnomo",NA,NA,"a",NA,NA,"a","ep.ba","Episyrphus balteatus","Laura Edo Aceña",NA,NA,NA,NA,NA,"60924","morphological",NA,NA,"Unique","Hand netting",2023-09-20,NA
"41_1_040923_AL_a_sp.","49850023","5790564",41,"1","NA","040923",2023,"Amamda Luttringer",NA,NA,"a",NA,NA,"a","sp.","Sphaerophoria","Ghislain Delalle",1,0,1,NA,NA,"120924","morphological","MNHNL164515",NA,"Unique","Hand netting",2023-09-04,NA
"2_6_190623_CAP_a_er.te","501523077","60274601",2,"6","NA","190623",2023,"Chanistya Ayu Purnomo",NA,NA,"a",NA,NA,"a","er.te","Eristalis tenax","Ghislain Delalle",1,0,1,NA,NA,"021024","morphological","MNHNL164920",NA,"Unique","Hand netting",2023-06-19,NA
"19_4_130623_AL+SL_a_br.le","49990153","5853437",19,"4",NA,"130623",2023,"Amanda Luttringer + Stephanie Lippert",NA,NA,"a",NA,NA,"a","br.le","Brachypalpoides lentus","Laura Edo Aceña",1,1,0,NA,NA,"150425","Morphological","MNHNL172941",NA,"Unique","Hand netting",2023-06-13,NA
"40_1_160623_SS+LB_a_xy.se","49882347","6253519",40,"1","NA","160623",2023,"Sam Schaack + Lydia Barrouche",NA,NA,"a",NA,NA,"a","xy.se","Xylota segnis","Laura Edo Aceña",1,0,1,NA,NA,"170425","Morphological","MNHNL172972",NA,"Unique","Hand netting",2023-06-16,NA
"69_1_310723_HA + JW_a_ch.il","49.76819","141502",69,"1","NA","310723",2023,"Hinatea Ariey + Julian Wittische",NA,NA,"a",NA,NA,"a","ch.il","Cheilosia illustrata","Hinatea Ariey",1,0,1,NA,NA,"040925","morphological","MNHNL178633",NA,"Unique","Hand netting",2023-07-31,NA
"83_1_260723_OK_a_er.te","497448846","64343700",83,"1","NA","260723",2023,"Olivier Kirsch",NA,NA,"a",NA,NA,"a","er.te","Eristalis tenax","Hinatea Ariey",4,1,3,NA,NA,"170925","morphological","MNHNL175451",NA,"Unique","Hand netting",2023-07-26,NA
"29_3_200723_EP_a_eu.co","49944596","6064349",29,"3","N/A","200723",2023,"Eléonore Pottier",NA,NA,"a",NA,NA,NA,"eu.co","Eupeodes corollae","Hans Georg Rudzinski",1,0,1,NA,NA,"2024",NA,"MNHNL168197",NA,"Unique","Hand netting",2023-07-20,NA
"29_3_200723_EP_a_sy.ri","49944596","6064349",29,"3","N/A","200723",2023,"Eléonore Pottier",NA,NA,"a",NA,NA,NA,"sy.ri","Syrphus ribesii","Hans Georg Rudzinski",1,1,0,NA,NA,"2024",NA,"MNHNL168198",NA,"Unique","Hand netting",2023-07-20,NA
"101_2_060623_CG_a_eu.co","49.6251","599881",101,"2","N/A","060623",2023,"Caroline Grounds",NA,NA,"a",NA,NA,NA,"eu.co","Eupeodes corollae","Hans Georg Rudzinski",1,1,0,NA,NA,"2024",NA,"MNHNL168701",NA,"Unique","Hand netting",2023-06-06,NA
"69_1_310723_AL+SL_a_me.sc","49.76819","141502",69,"1","N/A","310723",2023,"Amanda Luttringer + Stephanie Lippert",NA,NA,"a",NA,NA,NA,"me.sc","Melanostoma scalare","Hans Georg Rudzinski",1,1,0,NA,NA,"2024",NA,"MNHNL168711",NA,"Unique","Hand netting",2023-07-31,NA
"69_1_310723_AL+SL_a_sy.vi","49.76819","141502",69,"1","N/A","310723",2023,"Amanda Luttringer + Stephanie Lippert",NA,NA,"a",NA,NA,NA,"sy.vi","Syrphus vitripennis","Hans Georg Rudzinski",1,1,0,NA,NA,"2024",NA,"MNHNL168712",NA,"Unique","Hand netting",2023-07-31,NA
"101_2_060623_CG_a_pil.vid","49.6251","599881",101,"2","N/A","060623",2023,"Caroline Grounds",NA,NA,"a",NA,NA,NA,"pil.vid","Pipizella viduata","Hans Georg Rudzinski",1,0,1,NA,NA,"2024",NA,"MNHNL168736",NA,"Unique","Hand netting",2023-06-06,NA
"69_1_310723_AL+SL_a_ch.ba","49.76819","141502",69,"1","N/A","310723",2023,"Amanda Luttringer + Stephanie Lippert",NA,NA,"a",NA,NA,NA,"ch.ba","Cheilosia barbata","Hans Georg Rudzinski",1,0,1,NA,NA,"2024",NA,"MNHNL168762",NA,"Unique","Hand netting",2023-07-31,NA
"64_1_060623_AL_a_sc.di","128825","5.8950163",64,"1","N/A","060623",2023,"Amanda Luttringer",NA,NA,"a",NA,NA,NA,"sc.di","Scaeva dignota","Hans Georg Rudzinski",1,1,NA,NA,NA,"45689",NA,"MNHNL169478",NA,"Unique","Hand netting",2023-06-06,NA
"20_3_130623_AL+SL_a_eu.co","49983690","5904866",20,"3","N/A","130623",2023,"Amanda Luttringer + Stephanie Lippert",NA,NA,"a",NA,NA,NA,"eu.co","Eupeodes corollae","Hans Georg Rudzinski",2,NA,2,NA,NA,"45689",NA,"MNHNL169578",NA,"Unique","Hand netting",2023-06-13,NA
"109_1_060623_OK_a_eu.lu","49.56809","247423",109,"1","N/A","060623",2023,"Olivier Kirsch",NA,NA,"a",NA,NA,NA,"eu.lu","Eupeodes luniger","Hans Georg Rudzinski",1,NA,1,NA,NA,"45689",NA,"MNHNL173296",NA,"Unique","Hand netting",2023-06-06,NA
"109_1_060623_OK_a_ch.vu","49.56809","247423",109,"1","N/A","060623",2023,"Olivier Kirsch",NA,NA,"a",NA,NA,NA,"ch.vu","Cheilosia vulpina","Hans Georg Rudzinski",1,NA,1,NA,NA,"45689",NA,"MNHNL173297",NA,"Unique","Hand netting",2023-06-06,NA
"69_1_100823_HA,AL_a_me.sc","49.7645","134197",69,"1","NA","100823",2023,"Hinatea Ariey, Amanda Luttringer",NA,NA,"a",NA,NA,NA,"me.sc","Melanostoma scalare","Hans Georg Rudzinski",1,NA,1,NA,NA,"45809",NA,"MNHNL175365",NA,"Unique","Hand netting",2023-08-10,NA
"69_1_100823_HA,AL_a_me.me","49.7645","134197",69,"1","NA","100823",2023,"Hinatea Ariey, Amanda Luttringer",NA,NA,"a",NA,NA,NA,"me.me","Melanostoma mellinum","Hans Georg Rudzinski",1,NA,1,NA,NA,"45809",NA,"MNHNL175366",NA,"Unique","Hand netting",2023-08-10,NA
"109_1_060623_OK_a_er.pe","49.56809","247423",109,"1","na","060623",2023,"Olivier Kirsch",NA,NA,"a",NA,NA,NA,"er.pe","Eristalis pertinax","Hans-Georg Rudzinski",1,0,1,NA,NA,"45931",NA,NA,NA,"Unique","Hand netting",2023-06-06,NA
"102_1_180523_CG_a","49.62675","836194",102,"1",NA,"180523",2023,"Caroline Grounds",NA,NA,"a",NA,NA,NA,"eu.co","Eupeodes corollae","Hans-Georg Rudzinski",1,1,0,NA,NA,"45962",NA,"MNHNL187678",NA,"Unique","Hand netting",2023-05-18,NA
"102_1_180523_CG_a","49.62675","836194",102,"1",NA,"180523",2023,"Caroline Grounds",NA,NA,"a",NA,NA,NA,"pl.am","Platycheirus ambiguus","Hans-Georg Rudzinski",1,0,1,NA,NA,"45962",NA,"MNHNL187693",NA,"Unique","Hand netting",2023-05-18,NA
